<?xml version="1.0" encoding="UTF-8"?>
<project-private xmlns="http://www.netbeans.org/ns/project-private/1">
    <editor-bookmarks xmlns="http://www.netbeans.org/ns/editor-bookmarks/2" lastBookmarkId="0"/>
    <open-files xmlns="http://www.netbeans.org/ns/projectui-open-files/2">
        <group>
            <file>file:/home/jim/Documents/weather_v2/Code/main.c</file>
            <file>file:/home/jim/Documents/weather_v2/Code/esp8266.c</file>
            <file>file:/home/jim/Documents/weather_v2/Code/rtc.c</file>
            <file>file:/home/jim/Documents/weather_v2/Code/rtc.h</file>
            <file>file:/home/jim/Documents/weather_v2/Code/mcc_generated_files/pin_manager.h</file>
            <file>file:/home/jim/Documents/weather_v2/Code/HTU21D.c</file>
            <file>file:/home/jim/Documents/weather_v2/Code/MPL3115A2.c</file>
        </group>
    </open-files>
</project-private>
