<?xml version="1.0" encoding="UTF-8"?>
<project-private xmlns="http://www.netbeans.org/ns/project-private/1">
    <editor-bookmarks xmlns="http://www.netbeans.org/ns/editor-bookmarks/2" lastBookmarkId="0"/>
    <open-files xmlns="http://www.netbeans.org/ns/projectui-open-files/2">
        <group>
            <file>file:/home/jim/Documents/soil_moisture_probe/Code/DS1337.h</file>
            <file>file:/home/jim/Documents/soil_moisture_probe/Code/DS1337.c</file>
            <file>file:/home/jim/Documents/soil_moisture_probe/Code/main.c</file>
            <file>file:/home/jim/Documents/soil_moisture_probe/Code/i2c.c</file>
        </group>
    </open-files>
</project-private>
